group	dataset	trait	conLDSC_Cepo_pval	scDRS_pval	CATCH_P	within_run_fdr
pancreatic_D_cell	Fasolino_2022_Nat_Metab_normal_only_pc	T2D_06	0.000196311583562	0.19480519	0.000392278337990104	0.00392278337990104
unknown	Fasolino_2022_Nat_Metab_normal_only_pc	T2D_06	0.0431287897989	0.000999001	0.001953022258401271	0.007361775530980534
type_B_pancreatic_cell	Fasolino_2022_Nat_Metab_normal_only_pc	T2D_06	0.00112804555013	0.051948052	0.00220853265929416	0.007361775530980534
PP_cell	Fasolino_2022_Nat_Metab_normal_only_pc	T2D_06	0.0122058341469	0.63136864	0.02479067344799335	0.06197668361998337
pancreatic_A_cell	Fasolino_2022_Nat_Metab_normal_only_pc	T2D_06	0.215769310086	0.4225774	0.2961695034752643	0.5923390069505285
pancreatic_ductal_cell	Fasolino_2022_Nat_Metab_normal_only_pc	T2D_06	0.267647968981	0.6843157	0.4618225104697344	0.7444108537801146
pancreatic_acinar_cell	Fasolino_2022_Nat_Metab_normal_only_pc	T2D_06	0.448798977173	0.5944056	0.5227747560891711	0.7444108537801146
pancreatic_epsilon_cell	Fasolino_2022_Nat_Metab_normal_only_pc	T2D_06	0.567204788109	0.62237763	0.5955286830240917	0.7444108537801146
endothelial_cell	Fasolino_2022_Nat_Metab_normal_only_pc	T2D_06	0.966736098308	0.27872127	0.9280774109750747	0.986422435999874
pancreatic_stellate_cell	Fasolino_2022_Nat_Metab_normal_only_pc	T2D_06	0.992962835757	0.8251748	0.9864224359998741	0.986422435999874
